,docno,text,qid,query,score,rank,prompt,answer_number,weighted_position,num_answer_words,num_matching_words,model,is_natural_question,contains_only_query_words,query_prompt
3202,chatgpt_123,"- Fatigue and low energy levels
- Weight gain or difficulty losing weight
- Cold sensitivity
- Constipation
- Dry skin and hair
- Muscle weakness or aches
- Joint pain and stiffness
- Depression or low mood
- Memory problems or difficulty concentrating
- Slow heart rate
- Irregular or heavy menstrual periods
- Infertility or difficulty getting pregnant
- Increased sensitivity to cold temperatures
- Swelling in the face or extremities (edema)
- Hoarse voice or difficulty speaking clearly",123,hypothyroidism symptoms,-11.716312408447266,125,q,5,0.7716049382716049,81,0,ChatGPT,False,False,"q
(query)"
2664,chatgpt_68,"- Fatigue
- Difficulty walking or coordination problems
- Numbness or tingling in the limbs
- Muscle weakness
- Problems with balance and dizziness
- Blurred or double vision
- Problems with coordination and muscle control
- Slurred speech or difficulty swallowing
- Bowel or bladder dysfunction
- Cognitive problems, such as memory loss or difficulty concentrating
- Depression or mood swings
- Sexual dysfunction
- Heat sensitivity, which can worsen symptoms
- Pain or muscle spasms",68,List of multiple sclerosis symptoms,-9.270967483520508,157,question,4,0.7104072398190046,77,1,ChatGPT,False,False,"question
(query)"
3464,chatgpt_68,"- Fatigue and weakness
- Difficulty with coordination and balance
- Numbness or tingling in the limbs
- Muscle spasms and stiffness
- Problems with speech and swallowing
- Vision problems, such as double vision or blurry vision
- Cognitive difficulties, including problems with memory and concentration
- Depression and mood changes
- Pain or discomfort, such as headaches or back pain
- Problems with bladder and bowel function
- Sexual dysfunction
- Tremors or uncontrollable shaking
- Heat sensitivity, where symptoms worsen in hot temperatures",68,List of multiple sclerosis symptoms,-9.195804595947266,157,q,10,0.7104072398190046,86,1,ChatGPT,False,False,"q
(query)"
3214,chatgpt_68,"- Fatigue: Feeling excessively tired and lacking energy
- Numbness or tingling: Sensations of pins and needles, often in the limbs
- Muscle weakness: Difficulty in moving or controlling muscles
- Issues with coordination and balance: Problems with walking, clumsiness, or unsteady movements
- Problems with vision: Blurred or double vision, eye pain, or loss of vision
- Cognitive difficulties: Problems with memory, concentration, and problem-solving
- Difficulty speaking or slurred speech: Trouble articulating words or speaking clearly
- Pain and discomfort: Chronic pain, particularly in the muscles or joints
- Tremors or involuntary muscle movements: Shaking or twitching of the limbs or other body parts
- Emotional changes: Depression, anxiety, mood swings, or irritability
- Bowel or bladder problems: Difficulty controlling urination or bowel movements
- Sexual dysfunction: Impotence, decreased libido, or difficulty achieving orgasm
- Heat sensitivity: Worsening of symptoms when exposed to heat or hot temperatures
- Vertigo or dizziness: Sensation of spinning or feeling lightheaded
- Speech and swallowing difficulties: Trouble speaking clearly or swallowing food or liquids properly",68,List of multiple sclerosis symptoms,-8.781569480895996,152,q,5,0.6877828054298643,173,6,ChatGPT,False,False,"q
(query)"
2914,chatgpt_68,"- Fatigue
- Numbness or tingling in the limbs
- Weakness or difficulty with coordination and balance
- Problems with walking or gait
- Muscle stiffness or spasms
- Tremors
- Problems with speech or swallowing
- Vision problems, such as blurred or double vision
- Dizziness or vertigo
- Problems with thinking, memory, or concentration
- Depression or mood changes
- Pain or sensitivity in the affected areas
- Sexual problems
- Bladder or bowel dysfunction
- Heat sensitivity, where symptoms worsen in hot weather or after hot showers or baths
- Sensory symptoms, such as a burning or itching sensation
- Difficulty with coordination and fine motor skills
- Difficulty with balance and coordination
- Problems with attention and concentration
- Difficulty with speech and swallowing
- Emotional changes, such as depression or irritability
- Problems with memory and cognitive function
- Difficulty with walking and balance
- Trouble with coordination and fine motor skills
- Numbness or tingling in the limbs
- Muscle weakness or stiffness
- Vision problems, such as double vision or blurred vision
- Fatigue and lack of energy
- Heat sensitivity, where symptoms worsen in hot weather or after hot showers or baths
- Bowel and bladder problems, such as incontinence or difficulty emptying the bladder completely
- Sexual dysfunction
- Pain or discomfort in the affected areas
- Difficulty with coordination and balance",68,List of multiple sclerosis symptoms,-8.794341087341309,152,question,9,0.6877828054298643,231,3,ChatGPT,False,False,"question
(query)"
2564,chatgpt_68,"- Fatigue
- Difficulty walking or coordination problems
- Numbness or tingling in the limbs
- Muscle weakness or spasms
- Problems with balance and dizziness
- Blurred or double vision
- Slurred speech or difficulty swallowing
- Cognitive impairment or memory problems
- Emotional changes or mood swings
- Pain or discomfort
- Bladder or bowel problems
- Sexual dysfunction
- Heat sensitivity
- Tremors or involuntary movements",68,List of multiple sclerosis symptoms,-8.699295043945312,151,question,2,0.6832579185520362,69,0,ChatGPT,False,False,"question
(query)"
3914,chatgpt_68,"1. Fatigue: Excessive tiredness and lack of energy.
2. Numbness or tingling: Sensations of pins and needles or numbness in the limbs, face, or body.
3. Weakness: Muscles may become weak or difficult to control, leading to difficulty with gripping objects, walking, or other physical activities.
4. Balance and coordination problems: Difficulty with balance, dizziness, and coordination issues.
5. Muscle spasms and stiffness: Involuntary muscle contractions, muscle tightness, and stiffness.
6. Vision problems: Blurred or double vision, eye pain, or loss of vision in one eye.
7. Cognitive difficulties: Problems with memory, attention, concentration, and decision-making.
8. Depression and anxiety: Emotional changes, including feelings of sadness, anxiety, and irritability.
9. Problems with speech and swallowing: Slurred speech, difficulty articulating words, and difficulty swallowing.
10. Bowel and bladder dysfunction: Incontinence, urgency, or difficulty with urination or bowel movements.
11. Sexual dysfunction: Impotence, decreased sex drive, or difficulties with orgasm.
12. Heat sensitivity: Increased symptoms when exposed to hot temperatures or during exercise.
13. Pain: Chronic pain, including headaches, facial pain, or nerve pain.
14. Tremors: Involuntary shaking or trembling in the limbs.
15. Sensitivity to touch: Increased sensitivity to touch or pain.
16. Difficulty with walking: Unsteady gait, stumbling, or difficulty walking in a straight line.
17. Speech problems: Slurred speech, difficulty finding words, or changes in voice tone.
18. Swallowing difficulties: Choking or coughing while eating or drinking.
19. Seizures: Uncontrolled electrical activity in the brain resulting in seizures.
20. Emotional changes: Mood swings, irritability, or emotional instability.",68,List of multiple sclerosis symptoms,-8.333916664123535,148,no_prompt,9,0.669683257918552,248,5,ChatGPT,False,False,"no_prompt
(query)"
3714,chatgpt_68,"1. Fatigue: Feeling excessively tired and lacking energy.
2. Numbness or tingling: Sensations of pins and needles in various parts of the body.
3. Muscle weakness: Difficulty in moving limbs or performing tasks that require strength.
4. Balance and coordination problems: Unsteady gait and difficulty with fine motor skills.
5. Blurred vision: Loss of clarity or double vision.
6. Pain and spasms: Musculoskeletal pain and involuntary muscle contractions.
7. Cognitive changes: Difficulty with memory, attention, and problem-solving.
8. Bladder and bowel problems: Incontinence, frequent urination, or constipation.
9. Sexual dysfunction: Reduced libido, erectile dysfunction, or difficulty with arousal or orgasm.
10. Emotional changes: Depression, anxiety, irritability, or mood swings.
11. Heat sensitivity: Worsening of symptoms when exposed to heat or hot temperatures.
12. Speech difficulties: Slurred speech or difficulty articulating words.
13. Tremors: Involuntary shaking or trembling of the hands or other body parts.
14. Swallowing difficulties: Trouble swallowing food or liquids.
15. Itching or numbness: Sensations of itching or numbness in the skin.
16. Hearing loss: Partial or complete hearing loss in one or both ears.
17. Respiratory problems: Difficulty breathing or shortness of breath.
18. Dizziness and vertigo: Feeling lightheaded or experiencing a spinning sensation.
19. Reduced sense of taste or smell: Decreased ability to taste or smell.
20. Seizures: Uncontrolled electrical activity in the brain resulting in seizures.",68,List of multiple sclerosis symptoms,-8.5093412399292,148,no_prompt,5,0.669683257918552,221,9,ChatGPT,False,False,"no_prompt
(query)"
3064,chatgpt_68,"- Fatigue
- Difficulty walking or coordination problems
- Numbness or tingling in the limbs
- Muscle weakness or spasms
- Problems with balance and coordination
- Blurred or double vision
- Problems with speech or swallowing
- Cognitive difficulties, such as memory loss or trouble concentrating
- Depression or mood swings
- Bowel or bladder problems
- Sexual dysfunction
- Heat sensitivity, which can worsen symptoms temporarily
- Tremors or uncontrollable shaking
- Vertigo or dizziness
- Pain or discomfort in the body.",68,List of multiple sclerosis symptoms,-8.190292358398438,142,q,2,0.6425339366515838,84,1,ChatGPT,False,False,"q
(query)"
3164,chatgpt_68,"- Fatigue and weakness
- Numbness or tingling in the limbs
- Muscle spasms and stiffness
- Difficulty walking or maintaining balance
- Problems with coordination and fine motor skills
- Vision problems, such as blurred or double vision
- Problems with speech and swallowing
- Cognitive difficulties, such as trouble with memory and concentration
- Emotional changes, including depression and mood swings
- Pain, often described as aching or burning sensations
- Bladder and bowel problems
- Sexual dysfunction
- Heat sensitivity, where symptoms worsen in hot weather or after physical activity
- Tremors or uncontrollable shaking
- Difficulty with swallowing or chewing",68,List of multiple sclerosis symptoms,-7.656305313110352,136,q,4,0.6153846153846154,104,1,ChatGPT,False,False,"q
(query)"
3664,chatgpt_68,"- Fatigue and lack of energy
- Difficulty walking or maintaining balance
- Muscle weakness or spasticity
- Numbness or tingling in the limbs
- Vision problems, such as blurred or double vision
- Vertigo or dizziness
- Problems with coordination and fine motor skills
- Difficulty speaking or slurred speech
- Cognitive issues, such as difficulty concentrating or memory problems
- Mood swings or depression
- Bladder or bowel problems
- Sexual dysfunction
- Heat sensitivity, which can worsen symptoms temporarily
- Pain or discomfort, including headaches or muscle aches
- Tremors or involuntary muscle movements",68,List of multiple sclerosis symptoms,-6.576451778411865,132,no_prompt,4,0.5972850678733032,97,2,ChatGPT,False,False,"no_prompt
(query)"
2606,chatgpt_22,"I'm sorry, but as an AI language model, I don't have access to personal data about individuals unless it has been shared with me during our conversation. I can provide general information about the risk factors for developing type 2 diabetes, but it's important to consult with a healthcare professional for a personalized assessment of your risk.",22,my risk for developing type 2 diabetes,-1.8266587257385247,76,question,3,0.304,57,6,ChatGPT,False,False,"question
(query)"
3456,chatgpt_22,"I'm sorry, but as an AI language model, I don't have access to personal data about individuals unless it has been shared with me in the course of our conversation. I can provide general information about risk factors for developing type 2 diabetes, but I cannot assess your individual risk without more specific information. It's always best to consult with a healthcare professional for a personalized assessment of your risk factors and any necessary recommendations or screenings.",22,my risk for developing type 2 diabetes,-0.987324595451355,63,q,10,0.252,77,8,ChatGPT,False,False,"q
(query)"
3356,chatgpt_22,"I'm sorry, but as an AI language model, I don't have access to personal data about individuals unless it has been shared with me in the course of our conversation. I can provide general information on risk factors for developing type 2 diabetes, but for an accurate assessment of your risk, it is best to consult with a healthcare professional who can evaluate your medical history, family history, lifestyle factors, and conduct appropriate tests if necessary.",22,my risk for developing type 2 diabetes,-0.8473442196846008,58,q,8,0.232,76,6,ChatGPT,False,False,"q
(query)"
2506,chatgpt_22,"I'm sorry, but as an AI language model, I don't have access to personal data about individuals unless it has been shared with me in the course of our conversation. I can provide general information about the risk factors for developing type 2 diabetes, but for an accurate assessment of your personal risk, it is best to consult a healthcare professional who can evaluate your medical history, lifestyle, and conduct appropriate tests.",22,my risk for developing type 2 diabetes,-0.6692743301391602,54,question,1,0.216,72,6,ChatGPT,False,False,"question
(query)"
3417,chatgpt_131,"1. Wall Angels: Stand with your back against a wall and your feet about 6 inches away. Raise your arms to shoulder height, with your elbows bent at 90 degrees and your forearms against the wall. Slowly slide your arms up and down the wall, maintaining contact with the wall at all times. Repeat 10-15 times.

2. Plank: Lie face down on the floor, then lift your body off the ground, resting on your forearms and toes. Keep your body in a straight line from head to toe, engaging your core and glutes. Hold this position for 30-60 seconds.

3. Cat-Camel Stretch: Start on all fours with your hands directly under your shoulders and your knees under your hips. Slowly round your back towards the ceiling, tucking your chin to your chest, like a cat. Hold for a few seconds, then slowly arch your back, lifting your chest towards the ceiling and looking up, like a camel. Repeat this movement 10-15 times.

4. Shoulder Rolls: Stand tall with your feet hip-width apart and your arms relaxed by your sides. Begin by rolling your shoulders up towards your ears, then back and down in a smooth, circular motion. Repeat this movement 10-15 times, then reverse direction.

5. Chest Stretch: Stand in a doorway, with your hands on either side of the doorframe at shoulder height. Lean forward slightly, allowing your chest to open up and stretch. Hold this position for 20-30 seconds, then release.

6. Bridge Pose: Lie on your back with your knees bent and your feet flat on the floor, hip-width apart. Press through your feet to lift your hips off the ground, forming a straight line from your knees to your shoulders. Engage your core and glutes, and hold this position for 30-60 seconds.

7. Seated Spinal Twist: Sit on the floor with your legs extended in front of you. Bend your right knee and cross it over your left leg, placing your right foot on the floor next to your left knee. Twist your torso to the right, placing your left elbow on the outside of your right knee. Hold this position for 20-30 seconds, then repeat on the other side.

Remember to listen to your body and start with exercises that feel comfortable for you. Gradually increase the intensity and duration of each exercise as your posture improves. If you experience any pain or discomfort, stop the exercise and consult a healthcare professional.",131,exercises for better posture,-2.1772210597991943,17,q,9,0.2,407,8,ChatGPT,False,False,"q
(query)"
3917,chatgpt_131,"1. Wall angels: Stand with your back against a wall, feet shoulder-width apart. Bend your elbows to 90 degrees and press your arms into the wall. Slide your arms up and down the wall while keeping your elbows and wrists in contact with the wall. Repeat for 2-3 sets of 10-12 reps.

2. Shoulder blade squeezes: Sit or stand with your back straight. Squeeze your shoulder blades together, imagining you are trying to hold a pencil between them. Hold for 5-10 seconds, then release. Repeat for 2-3 sets of 10-12 reps.

3. Cat-cow stretch: Start on your hands and knees, with your hands directly under your shoulders and knees under your hips. Inhale as you drop your belly towards the floor, arching your back into a cow position. Exhale as you round your spine towards the ceiling, like a cat. Repeat for 10-12 reps.

4. Plank: Start in a push-up position, with your hands directly under your shoulders and feet hip-width apart. Engage your core and hold the position for 30 seconds to 1 minute, or as long as you can maintain proper form.

5. Bridge pose: Lie on your back with your knees bent and feet flat on the floor. Press your feet into the floor as you lift your hips towards the ceiling. Hold for 10-15 seconds, then slowly lower back down. Repeat for 2-3 sets of 10-12 reps.

6. Chest openers: Stand with your feet hip-width apart and interlace your fingers behind your back. Gently squeeze your shoulder blades together as you lift your arms away from your body. Hold for 10-15 seconds, then release. Repeat for 2-3 sets of 10-12 reps.

7. Neck stretches: Sit or stand tall and tilt your head to one side, bringing your ear towards your shoulder. Hold for 10-15 seconds, then repeat on the other side. Next, tilt your head forward, bringing your chin towards your chest. Hold for 10-15 seconds, then slowly lift your head back up. Repeat for 2-3 sets of 10-12 reps.

Remember to always consult with a healthcare professional or certified trainer before starting any new exercise routine, especially if you have any pre-existing conditions or injuries.",131,exercises for better posture,-0.7200773358345032,13,no_prompt,9,0.1529411764705882,360,12,ChatGPT,False,False,"no_prompt
(query)"
2567,chatgpt_131,"1. Wall Angel: Stand with your back against a wall and your feet about six inches away. Keep your head, shoulders, and buttocks touching the wall. Bend your elbows to 90 degrees and raise them to shoulder height, with your forearms resting against the wall. Slowly slide your arms up and down the wall, maintaining contact with your back and arms at all times. Repeat 10-15 times.

2. Shoulder Blade Squeeze: Sit or stand upright with your arms relaxed at your sides. Squeeze your shoulder blades together as if you're trying to hold a pencil between them. Hold for 5-10 seconds, then release. Repeat 10-15 times.

3. Cat-Camel Stretch: Start on your hands and knees with your back in a neutral position. Slowly arch your back up towards the ceiling, tucking your chin to your chest. Hold for a few seconds, then slowly lower your back and lift your head to look forward. Repeat 10-15 times.

4. Pilates Roll Up: Lie on your back with your legs straight and your arms extended overhead. Exhale as you roll up, reaching your fingers towards your toes and lifting your head, neck, and shoulders off the ground. Inhale as you slowly roll back down to the starting position. Repeat 10-15 times.

5. Plank: Begin in a push-up position with your hands directly under your shoulders. Engage your core and straighten your body, forming a straight line from your head to your heels. Hold this position for 30 seconds to 1 minute, focusing on keeping your back flat and your shoulders pulled back.

Remember to listen to your body and start with exercises that are appropriate for your fitness level. If you have any existing medical conditions or concerns, it's always a good idea to consult with a healthcare professional before starting a new exercise routine.",131,exercises for better posture,-0.4229450523853302,12,question,2,0.1411764705882353,302,5,ChatGPT,False,False,"question
(query)"
3067,chatgpt_131,"1. Shoulder rolls: Stand or sit upright with your arms by your sides. Roll your shoulders forward and up towards your ears, then back and down in a circular motion. Repeat this 10 times.
2. Wall angels: Stand with your back against a wall and your feet about 6 inches away from the wall. Slowly slide your arms up the wall, keeping your elbows and wrists in contact with the wall. Then slide your arms back down. Repeat this 10 times.
3. Cat-cow stretch: Start on all fours with your hands directly under your shoulders and your knees under your hips. Inhale as you drop your belly towards the floor, arching your back and lifting your head. Exhale as you round your back, tucking your chin towards your chest. Repeat this 10 times.
4. Plank: Start in a push-up position with your hands directly under your shoulders and your legs extended behind you. Engage your core and keep your back straight as you hold this position for 30 seconds to 1 minute.
5. Bridge pose: Lie on your back with your knees bent and your feet flat on the floor. Press through your feet as you lift your hips off the floor, creating a straight line from your knees to your shoulders. Hold this position for 30 seconds to 1 minute.
6. Chest stretches: Stand with your feet hip-width apart and interlace your fingers behind your back. Gently squeeze your shoulder blades together as you lift your arms away from your body. Hold this stretch for 30 seconds.
7. Neck stretches: Sit or stand with your back straight. Slowly tilt your head to the right, bringing your ear towards your shoulder. Hold this stretch for 10 seconds, then repeat on the left side. Next, drop your chin towards your chest, feeling a stretch in the back of your neck. Hold for 10 seconds, then lift your chin towards the ceiling, feeling a stretch in the front of your neck. Hold for 10 seconds.
Remember to always consult with a healthcare professional before starting any exercise program, especially if you have any pre-existing conditions or injuries.",131,exercises for better posture,-0.350243479013443,11,q,2,0.1294117647058823,355,6,ChatGPT,False,False,"q
(query)"
3017,chatgpt_131,"1. Shoulder blade squeeze: Stand or sit with your back straight and your arms relaxed by your sides. Squeeze your shoulder blades together as if you're trying to hold a pencil between them. Hold for 5-10 seconds, then release. Repeat 10-15 times.

2. Wall slides: Stand with your back against a wall, feet shoulder-width apart. Slowly slide your back down the wall until your knees are at a 90-degree angle. Keep your back straight against the wall. Hold for 10-20 seconds, then slide back up. Repeat 5-10 times.

3. Cat-Camel stretch: Get on all fours with your hands directly under your shoulders and your knees directly under your hips. Exhale and round your back towards the ceiling, like a cat stretching. Hold for a few seconds, then inhale and arch your back towards the floor, lifting your chest and tailbone towards the ceiling. Repeat 10-15 times.

4. Chin tucks: Sit or stand with your back straight and your shoulders relaxed. Gently tuck your chin towards your chest, like you're making a double chin. Hold for a few seconds, then release. Repeat 10-15 times.

5. Bridge pose: Lie on your back with your knees bent and feet flat on the floor. Engage your core and lift your hips off the ground, creating a straight line from your knees to your shoulders. Hold for 10-20 seconds, then slowly lower back down. Repeat 5-10 times.

6. Standing forward fold: Stand with your feet hip-width apart. Slowly hinge forward at the hips, keeping your back straight, until your torso is parallel to the floor. Let your head and arms hang down towards the ground. Hold for 30 seconds to 1 minute, then slowly come back up to standing.

Remember to always listen to your body and start with exercises that feel comfortable. Gradually increase the intensity and duration as your strength and flexibility improve.",131,exercises for better posture,-0.1961158812046051,10,q,1,0.1176470588235294,310,7,ChatGPT,False,False,"q
(query)"
