docno,text,qid,query,score,rank,prompt,answer_number,weighted_position,num_answer_words,num_matching_words,model,is_natural_question,query_prompt,as_an_ai,dont_know,sorry,list_style
chatgpt_8,"There are several great apps available for daily activity and exercise management for individuals with diabetes. Here are some highly recommended options:

1. MyFitnessPal: This app allows you to track your daily food intake, exercise, and monitor blood glucose levels. It also provides personalized recommendations based on your goals and helps you maintain a healthy lifestyle.

2. Glucose Buddy: Designed specifically for diabetes management, Glucose Buddy lets you track your blood sugar levels, insulin intake, physical activity, and more. It also offers reminders for medication and appointments, and allows you to share your data with healthcare providers.

3. Diabetes:M: This comprehensive app offers features like blood sugar tracking, medication logging, carb counting, and exercise monitoring. It also provides insightful charts and reports to help you analyze your progress and make informed decisions regarding your diabetes management.

4. MySugr: MySugr is another popular app that allows you to track your blood sugar levels, log meals, and track physical activity. It also offers a diabetes coaching feature and provides instant feedback on your data to help you make better choices.

5. Fitbit: While not exclusively for diabetes management, Fitbit is a versatile app that tracks your daily activity, sleep patterns, and heart rate. It can be particularly helpful for individuals with diabetes who want to monitor their overall fitness and physical activity levels.

Remember, it's essential to consult with your healthcare provider before making any significant changes to your diabetes management routine. These apps can be helpful tools, but they should not replace professional medical advice.",8,best apps daily activity exercise diabetes,-0.0025826692581176,0,multimedqa,1,0.0,254,15,ChatGPT,False,"multimedqa
(query)",False,False,False,True
chatgpt_8,"There are several great apps available that can help individuals with diabetes manage their daily activity and exercise routines. Here are a few highly recommended options:

1. MyFitnessPal: This app allows you to track your daily food intake, exercise, and blood glucose levels. It provides a comprehensive overview of your daily activity and helps you make informed choices about your diet and exercise routine.

2. Glucose Buddy: This app specifically focuses on blood glucose management. It allows you to track your blood sugar levels, medication intake, activity, and meals. It also provides reminders for medication and glucose testing.

3. Fitbit: Fitbit is a popular app that tracks various aspects of your daily activity, including steps taken, heart rate, and calories burned. Additionally, it offers a specific diabetes tracking feature that allows you to monitor your blood glucose levels and receive personalized insights.

4. Daily Burn: This app provides a wide range of workout videos suitable for individuals with diabetes. It offers various exercise programs tailored to different fitness levels and goals, helping you stay active and manage your diabetes effectively.

5. Diabetes:M: This app is designed specifically for diabetes management. It helps you track blood glucose levels, medication intake, physical activity, and meals. It also provides detailed reports and analysis to help you understand patterns and make informed decisions.

When choosing an app, consider your personal preferences and needs, and consult with your healthcare provider for additional guidance. These apps can be valuable tools to assist you in staying on top of your diabetes management.",8,best apps daily activity exercise diabetes,-0.0028401773888617,0,multimedqa,2,0.0,255,17,ChatGPT,False,"multimedqa
(query)",False,False,False,True
chatgpt_8,"There are several great apps available to help individuals with diabetes track their daily activity and exercise. Here are some of the best ones:

1. MyFitnessPal: This app allows you to track your daily exercise, set goals, and monitor your progress. It also includes a feature that allows you to log your blood sugar levels and track how they are affected by your exercise.

2. MySugr: This app is specifically designed for individuals with diabetes and includes features to help you track your blood sugar levels, medication, and daily exercise. It also provides personalized insights and tips to help you manage your diabetes more effectively.

3. Diabetes:M: Another popular app for diabetes management, Diabetes:M allows you to track your daily exercise, blood sugar levels, medication, and meals. It also provides you with detailed reports and graphs to help you understand how different factors affect your diabetes management.

4. Glucose Buddy: This app not only allows you to track your blood sugar levels, carbohydrates, and medication, but it also has a built-in activity tracker. You can log your daily exercise and see how it impacts your blood sugar levels.

5. Fitbit: While Fitbit is primarily known for its activity tracking devices, the accompanying app can also be a useful tool for individuals with diabetes. It allows you to log your exercise, track your steps, monitor your heart rate, and even set reminders for medication or blood sugar checks.

When choosing an app, it is important to consider your specific needs and preferences. It may be helpful to consult with your healthcare provider for recommendations tailored to your individual circumstances.",8,best apps daily activity exercise diabetes,-0.0026799261104315,0,multimedqa,3,0.0,268,16,ChatGPT,False,"multimedqa
(query)",False,False,False,True
chatgpt_8,"There are several apps available that can help individuals with diabetes track their daily activity and exercise. Here are some of the best apps recommended by healthcare professionals:

1. MyFitnessPal: While not specifically designed for diabetes, MyFitnessPal is a popular app that allows users to track their exercise, daily activity, and food intake. It offers a comprehensive database of food items and provides a breakdown of macronutrients consumed, which can be helpful for individuals with diabetes managing their carbohydrate intake.

2. Glucose Buddy: This app is specifically designed for individuals with diabetes and offers features to track blood glucose levels, medication, meals, and exercise. It also provides charts and graphs to visualize trends and patterns in blood sugar levels over time.

3. Glooko: Glooko is another app designed for diabetes management. It allows users to sync their blood glucose meters, insulin pumps, and continuous glucose monitors to track their data all in one place. It also offers features to log meals, exercise, and medication.

4. MySugr: This app provides a user-friendly interface to track blood sugar levels, insulin, meals, and exercise. It also offers a gamified experience with challenges and rewards to help individuals stay motivated in managing their diabetes.

5. Fitbit: While primarily known for its fitness tracking capabilities, Fitbit also offers features that can be useful for individuals with diabetes. It tracks daily activity, sleep, and heart rate, and allows users to log their meals and water intake. Fitbit devices can also sync with other diabetes management apps for a more comprehensive approach.

Remember, it's important to consult with your healthcare provider before using any app for diabetes management. They can provide personalized recommendations based on your specific needs and goals.",8,best apps daily activity exercise diabetes,-0.0028279335238039,0,multimedqa,4,0.0,283,14,ChatGPT,False,"multimedqa
(query)",False,False,False,True
chatgpt_8,"There are several helpful apps available to assist individuals with daily activity and exercise management for diabetes. Here are some of the top-rated ones:

1. MySugr: This app allows you to track your blood sugar levels, carbohydrates intake, insulin doses, and physical activity. It includes a built-in diabetes diary, reports, and reminders to help you effectively manage your diabetes.

2. MyFitnessPal: While not specifically designed for diabetes, MyFitnessPal is a popular app for tracking nutrition and physical activity. It can be used to monitor your food intake, count calories, and track exercise, which can be beneficial for managing diabetes.

3. Glucose Buddy: This app enables you to log and track your blood sugar levels, medications, meals, and physical activities. It also offers a comprehensive analysis of your data through charts and graphs to help you better understand your diabetes management.

4. Diabetes:M: This app provides various features to help you manage diabetes, including tracking blood sugar levels, medications, meals, and physical activities. It also offers a food database, reminders, and reports to assist you in maintaining control over your condition.

5. One Drop: This app offers a comprehensive diabetes management platform that includes blood sugar tracking, medication management, food logging, and activity tracking. It also provides personalized insights and support through a community feature.

Before choosing an app, consider your specific needs and preferences. It is always a good idea to consult with your healthcare provider or a diabetes educator to determine which app will work best for your individual situation.",8,best apps daily activity exercise diabetes,-0.0030831205658614,0,multimedqa,5,0.0,251,10,ChatGPT,False,"multimedqa
(query)",False,False,False,True
chatgpt_8,"There are several great apps available for daily activity and exercise management for individuals with diabetes. Here are a few highly recommended ones:

1. MySugr: This app allows you to track your blood sugar levels, log your meals, and record physical activity. It also provides personalized challenges and insights to help you manage your diabetes effectively.

2. MyFitnessPal: While not specifically designed for diabetes management, this app is excellent for tracking daily activity and exercise. It allows you to log your workouts, count calories, and monitor your progress towards weight management goals, which can be crucial for individuals with diabetes.

3. Glucose Buddy: This app enables you to track your blood sugar levels, medications, meals, and physical activities. It also provides reminders for medication intake and allows you to export your data for sharing with your healthcare provider.

4. Diabetes:M: This comprehensive app features a blood sugar tracker, meal planner, and exercise log. It also offers a built-in insulin calculator, medication tracker, and reminders for blood sugar testing.

5. Fitbit: If you own a Fitbit device, their app can be an excellent tool for tracking your daily activity and exercise. It provides detailed insights into your workouts, heart rate, and sleep patterns, allowing you to monitor your overall health and make necessary adjustments to your diabetes management plan.

Remember to consult with your healthcare provider before making any significant changes to your diabetes management routine. They can offer guidance on which apps may be most suitable for your specific needs.",8,best apps daily activity exercise diabetes,-0.0023248568177223,0,multimedqa,6,0.0,250,14,ChatGPT,False,"multimedqa
(query)",False,False,False,True
chatgpt_8,"There are several excellent apps available to help individuals with diabetes track their daily activity and exercise. Here are a few of the best apps for this purpose:

1. MyFitnessPal: This app allows you to track your daily exercise, set goals, and monitor your nutrition. It also has a feature that allows you to track your blood sugar levels and insulin intake.

2. Glucose Buddy: Specifically designed for individuals with diabetes, Glucose Buddy allows you to log your blood sugar levels, medication, food intake, and exercise. It also provides helpful reminders and sends reports to your healthcare provider.

3. MySugr: This app offers a fun and engaging way to manage diabetes. It allows you to log your blood sugar levels, track your exercise, and set reminders for medication. It also provides personalized feedback and insights to help you make better health choices.

4. Diabetes:M: With this app, you can track your blood sugar levels, medication, exercise, and nutrition. It also offers a comprehensive food database and provides customizable reports for better understanding of your diabetes management.

5. Fitbit: Although not specifically designed for diabetes management, Fitbit is a popular app that can be used for tracking daily activity and exercise. It allows you to set goals, track your steps, monitor your heart rate, and log your exercise sessions.

Remember, it's important to consult with your healthcare provider before making any changes to your diabetes management routine. These apps can be helpful tools but should not replace professional medical advice.",8,best apps daily activity exercise diabetes,-0.0029007997363805,0,multimedqa,7,0.0,249,14,ChatGPT,False,"multimedqa
(query)",False,False,False,True
chatgpt_8,"There are several apps available that can assist individuals with diabetes in managing their daily activities and exercise routines. Here are some of the top-rated apps for this purpose:

1. MySugr: This app allows users to track their blood sugar levels, medications, food intake, and physical activity. It also provides personalized insights and reminders to help users manage their diabetes effectively.

2. MyFitnessPal: While not specifically designed for diabetes management, MyFitnessPal is a popular app that can be used to track daily activities and exercise. It allows users to input their meals, count calories, and monitor their nutrient intake, which can be beneficial for individuals with diabetes.

3. Glucose Buddy: This app enables users to log their blood sugar levels, carbohydrate intake, medication, and physical activity. It also provides graphs and charts to visualize trends and patterns in blood sugar levels, helping users make informed decisions about their diabetes management.

4. Glooko: Glooko allows users to synchronize data from their blood glucose meters, insulin pumps, and continuous glucose monitors to provide a comprehensive view of their diabetes management. It also offers personalized insights and reminders to help users stay on track with their health goals.

5. Daily Burn: This app provides a wide variety of exercise routines and workout programs that can be tailored to individual needs. Regular physical activity is crucial for individuals with diabetes, as it helps improve insulin sensitivity and overall blood sugar control.

When selecting an app, it is important to consider your specific needs and preferences. It may be helpful to consult with your healthcare provider to determine the most suitable app for you. Additionally, always ensure that any app you use is secure and complies with privacy regulations to protect your personal health information.",8,best apps daily activity exercise diabetes,-0.0031709410250186,0,multimedqa,8,0.0,290,13,ChatGPT,False,"multimedqa
(query)",False,False,False,True
chatgpt_8,"There are several great apps available for daily activity and exercise tracking specifically designed for individuals with diabetes. Here are some highly recommended options:

1. MyFitnessPal: This app allows you to track your daily exercise, log your meals, and monitor your calorie intake. It also provides a community support feature to connect with others managing diabetes.

2. Glucose Buddy: With Glucose Buddy, you can track your blood sugar levels, insulin intake, and exercise routines. It also offers reminders for medication and doctor appointments and allows you to export your data for analysis.

3. MySugr: MySugr is an app that offers a simple and intuitive way to track your blood sugar levels, meals, and activities. It also provides personalized challenges and rewards to help you stay motivated.

4. Diabetes:M: This comprehensive app allows you to track your blood sugar levels, meals, medication, and activities. It also provides a built-in insulin calculator and reminders for medication and doctor appointments.

5. Fitbit: While not specifically designed for diabetes management, Fitbit offers a range of features to track your daily activity, heart rate, and sleep patterns. Monitoring these factors can provide valuable insights into your overall health and help you make informed decisions regarding your diabetes management.

Remember to consult with your healthcare provider before making any significant changes to your exercise routine or diabetes management plan. They can provide personalized recommendations based on your specific needs and medical history.",8,best apps daily activity exercise diabetes,-0.0027828798629343,0,multimedqa,9,0.0,236,11,ChatGPT,False,"multimedqa
(query)",False,False,False,True
chatgpt_8,"There are several great apps available for daily activity and exercise tracking specifically designed for individuals with diabetes. Here are a few popular options:

1. MyFitnessPal: This app is highly recommended for its comprehensive features, including exercise tracking, meal logging, and blood glucose monitoring. It allows you to set personalized goals, track your daily activities, and provides nutrition insights.

2. MySugr: This app is specifically designed for individuals with diabetes and focuses on blood glucose monitoring and carb tracking. It also includes features like meal logging, medication tracking, and exercise monitoring to help manage your diabetes effectively.

3. Glooko: This app allows you to sync data from your glucose meter, insulin pump, and other diabetes devices to easily track your blood glucose levels, medication, and exercise. It also offers personalized insights and reports that can be shared with your healthcare provider.

4. Fitbit: While not specifically designed for diabetes management, Fitbit offers activity tracking features that can be beneficial for individuals with diabetes. It provides accurate step counts, heart rate monitoring, sleep tracking, and various exercise modes that can help you stay active and reach your fitness goals.

Remember to consult with your healthcare provider before making any significant changes to your exercise routine or diabetes management plan. They can provide personalized recommendations based on your specific needs and medical condition.",8,best apps daily activity exercise diabetes,-0.0022383891046047,0,multimedqa,10,0.0,221,15,ChatGPT,False,"multimedqa
(query)",False,False,False,True
chatgpt_8,"There are several great apps available for daily activity and exercise tracking for individuals with diabetes. Some of the best apps include:

1. MyFitnessPal: This app allows you to track your daily food intake, exercise, and provides personalized goals and recommendations for individuals with diabetes.

2. MySugr: Designed specifically for individuals with diabetes, MySugr helps you track your blood glucose levels, physical activity, and medication intake. It also provides insights and tips to manage your diabetes effectively.

3. Fitbit: Fitbit is a popular fitness tracker app that can be used by individuals with diabetes to monitor their daily activity, heart rate, sleep patterns, and more. It also allows you to set goals and track your progress over time.

4. Glucose Buddy: This app allows you to track your blood glucose levels, medication intake, and exercise. It provides personalized insights and reminders to help you manage your diabetes effectively.

5. Diabetes:M: This comprehensive app allows you to track your blood glucose levels, insulin intake, exercise, and more. It also provides a built-in food database and personalized recommendations based on your data.

It's important to note that while these apps can be helpful tools for managing diabetes, it's always recommended to consult with a healthcare professional for personalized advice and guidance.",8,best apps daily activity exercise diabetes,-0.002171779051423,0,question,1,0.0,209,12,ChatGPT,False,"question
(query)",False,False,False,True
chatgpt_8,"There are several apps available that can help with daily activity and exercise for individuals with diabetes. Here are some of the best ones:

1. MyFitnessPal: This app allows you to track your daily food intake, exercise, and blood glucose levels. It also provides personalized recommendations based on your goals.

2. Glucose Buddy: This app helps you track your blood glucose levels, medications, meals, and exercise. It also offers reminders for taking medications and logging your readings.

3. Fitbit: Fitbit is a popular fitness tracking app that can help you monitor your daily activity, including steps taken, calories burned, and exercise sessions. It can also integrate with other health apps to provide a comprehensive overview of your health.

4. Diabetes:M: This app is specifically designed for individuals with diabetes and allows you to track blood glucose levels, medications, meals, and physical activity. It also provides insights and trends based on your data.

5. MySugr: MySugr is an app that helps you track and manage your diabetes by logging blood glucose levels, meals, medications, and physical activity. It also offers educational content and personalized coaching.

Remember to consult with your healthcare provider before starting any new exercise or activity program, and to discuss which app may be best suited for your individual needs.",8,best apps daily activity exercise diabetes,-0.0022688379976898,0,question,2,0.0,212,14,ChatGPT,False,"question
(query)",False,False,False,True
chatgpt_8,"There are several apps available that can help with daily exercise for diabetes management. Here are some popular options:

1. MyFitnessPal: This app allows you to track your daily food intake and exercise. It also provides personalized recommendations and goals based on your diabetes management needs.

2. MySugr: This app helps you track and manage your blood glucose levels, daily activities, and exercise. It also provides insights and analysis to help you make informed decisions about your diabetes management.

3. Fitbit: Fitbit is a popular fitness tracking app that allows you to track your daily activity, exercise, heart rate, and sleep patterns. It can be synced with other diabetes management apps to provide a comprehensive view of your health.

4. DailyBurn: This app offers a variety of workout programs and exercises that can be tailored to your fitness level and diabetes management goals. It also provides nutrition guidance and support.

5. Diabetes:M: This app helps you track and manage your blood glucose levels, medication, exercise, and diet. It also provides reminders and notifications to help you stay on track with your diabetes management.

6. Google Fit: This app tracks your daily activity, exercise, and heart rate. It can be synced with other diabetes management apps to provide a holistic view of your health and fitness.

Remember to consult with your healthcare provider before starting any new exercise regimen or using any apps for diabetes management. They can provide personalized recommendations based on your specific needs and medical history.",8,best apps daily activity exercise diabetes,-0.0031257839873433,0,question,3,0.0,248,19,ChatGPT,False,"question
(query)",False,False,False,True
chatgpt_8,"There are several great apps available for daily activity and exercise tracking for individuals with diabetes. Here are some popular options:

1. MyFitnessPal: This app allows you to track your daily exercise, food intake, and more. It also has a feature that allows you to set specific goals for managing your diabetes.

2. MySugr: Designed specifically for individuals with diabetes, MySugr allows you to track your blood sugar levels, medication, and exercise. It also provides personalized coaching and tips.

3. Fitbit: Fitbit offers a range of fitness trackers and an accompanying app that allows you to track your daily steps, exercise, sleep, and more. It can be a useful tool for managing diabetes through increased physical activity.

4. Nike Training Club: This app offers a variety of workouts for all fitness levels, including options for individuals with diabetes. It provides step-by-step instructions, videos, and personalized training plans.

5. Daily Burn: Daily Burn offers a wide range of workout programs that you can do from the comfort of your own home. They have options for all fitness levels and also provide nutritional guidance.

Remember to consult with your healthcare provider before starting any new exercise program or using any app to ensure it is appropriate for your individual needs and health condition.",8,best apps daily activity exercise diabetes,-0.0021017144899815,0,question,4,0.0,211,10,ChatGPT,False,"question
(query)",False,False,False,True
chatgpt_8,"There are several great apps that can help with daily activity and exercise for managing diabetes. Here are some of the best ones:

1. MyFitnessPal: This app allows you to track your daily exercise, count calories, and monitor your blood sugar levels. It also provides personalized meal plans and nutrition information.

2. MySugr: This app is specifically designed for people with diabetes to track their blood sugar levels, insulin, and carb intake. It also provides reminders for medication and offers insights into your daily habits.

3. Fitbit: Fitbit is a popular fitness app and wearable device that can track your activity levels, heart rate, and sleep patterns. It also offers a dedicated diabetes tracker that allows you to monitor your blood sugar levels and track your progress.

4. Diabetes Tracker: This app helps you track your blood sugar levels, medications, and daily activities. It also provides personalized reports and reminders for medication.

5. Daily Yoga: Exercise is crucial for managing diabetes, and Daily Yoga offers a wide range of yoga classes and guided meditation sessions. It helps improve flexibility, strength, and overall well-being.

6. Glucose Buddy: This app allows you to track your blood sugar levels, insulin doses, and carb intake. It also provides charts and graphs to help you analyze your data and make informed decisions about your diabetes management.

Remember to consult with your healthcare provider before starting any new exercise program or using any apps to ensure they are suitable for your specific needs.",8,best apps daily activity exercise diabetes,-0.0024290361907333,0,question,5,0.0,247,18,ChatGPT,False,"question
(query)",False,False,False,True
chatgpt_8,"There are several apps available that can help with daily activity and exercise for diabetes management. Some of the best ones include:

1. MyFitnessPal: This app allows you to track your daily food intake, set calorie goals, and track your exercise. It also provides personalized recommendations for managing diabetes.

2. MySugr: This app helps you track your blood sugar levels, insulin intake, and physical activity. It also provides insights and reminders to help you manage your diabetes effectively.

3. Daily Burn: This app offers a variety of workout programs and exercise videos that can be tailored to your fitness level and diabetes management goals.

4. Fitbit: This app pairs with Fitbit fitness trackers to track your daily steps, heart rate, and sleep patterns. It can help you set exercise goals and monitor your progress.

5. 7 Minute Workout: This app provides quick and effective workout routines that can be done in just 7 minutes. It is a great option for those who have limited time for exercise.

Remember to consult with your healthcare provider or a certified diabetes educator before starting any new exercise program or using any diabetes management app. They can provide personalized recommendations and guidance based on your specific needs and goals.",8,best apps daily activity exercise diabetes,-0.0020105878356844,0,question,6,0.0,205,16,ChatGPT,False,"question
(query)",False,False,False,True
chatgpt_8,"Here are some highly recommended apps for daily activity and exercise for individuals with diabetes:

1. MyFitnessPal: This app allows you to track your daily food intake and exercise routine. It also provides a database of nutritional information for various foods, making it easier for individuals with diabetes to manage their diet.

2. MySugr: This app is specifically designed for individuals with diabetes. It helps track blood sugar levels, carbohydrates intake, insulin doses, and physical activity. It also provides a personalized diabetes management plan and offers reminders for medication and appointments.

3. Fitbit: Fitbit is a popular fitness tracking app that tracks your steps, heart rate, sleep patterns, and more. It can be useful for individuals with diabetes to monitor their activity levels and set goals for daily exercise.

4. Nike Training Club: This app offers a wide variety of workouts and training plans suitable for all fitness levels. It provides video tutorials and personalized workout recommendations. It can be helpful for individuals with diabetes to incorporate regular exercise into their routine.

5. Daily Yoga: Yoga can be beneficial for individuals with diabetes as it helps improve flexibility, reduce stress, and promote overall well-being. Daily Yoga offers a range of yoga classes and meditation sessions for all levels of expertise.

It's important to note that these apps should complement a well-rounded diabetes management plan and should not replace professional medical advice. Always consult with your healthcare provider before making any significant changes to your exercise routine or diabetes management.",8,best apps daily activity exercise diabetes,-0.0018446111353114,0,question,7,0.0,249,20,ChatGPT,False,"question
(query)",False,False,False,True
chatgpt_8,"1. MyFitnessPal: This app allows you to track your daily food intake, exercise, and monitor your blood glucose levels. It also provides personalized recommendations based on your health goals.

2. Fitbit: Fitbit tracks your daily activity, including steps taken, distance covered, and calories burned. It also allows you to track your heart rate and sleep patterns. Fitbit can be helpful for people with diabetes as it encourages regular physical activity and helps in managing weight.

3. MySugr: MySugr is a diabetes management app that allows you to log and track your blood glucose levels, medication intake, and meals. It also provides insights and analysis of your data, helping you make informed decisions about your diabetes management.

4. Nike Training Club: This app offers a variety of workouts for different fitness levels, including cardio, strength training, yoga, and more. Regular exercise can help improve insulin sensitivity and manage blood sugar levels for people with diabetes.

5. 7 Minute Workout: This app provides quick and efficient workouts that can be done in just 7 minutes. It includes a variety of exercises targeting different muscle groups, making it easy to incorporate daily exercise into your routine.

6. Headspace: Managing stress is important for people with diabetes as it can affect blood sugar levels. Headspace is a meditation and mindfulness app that offers guided meditation sessions to help reduce stress and improve overall well-being.

Remember, it is always important to consult with a healthcare professional before starting any new exercise program or making changes to your diabetes management routine.",8,best apps daily activity exercise diabetes,-0.0054117371328175,1,question,8,0.0042372881355932,255,12,ChatGPT,False,"question
(query)",False,False,False,True
chatgpt_8,"There are many apps available that can help with daily activity and exercise for diabetes management. Here are a few popular ones:

1. MyFitnessPal: This app allows you to track your daily food intake and exercise. It has a large database of foods and exercises, and you can set goals and track your progress.

2. MySugr: This app is specifically designed for diabetes management. It allows you to track your blood sugar levels, carbohydrate intake, and insulin doses. It also has a feature that tracks your physical activity and exercise.

3. Nike Training Club: This app offers a wide variety of workouts and training plans for all fitness levels. It includes cardio, strength training, yoga, and more. You can customize your workouts based on your goals and fitness level.

4. Fitbit: If you have a Fitbit device, the Fitbit app can help you track your daily steps, exercise, and sleep. It also has a food logging feature and offers insights and guidance for managing your diabetes.

5. Google Fit: This app tracks your daily activity and allows you to set goals and track your progress. It syncs with other fitness apps and devices, making it easy to integrate into your daily routine.

Remember to consult with your healthcare provider before starting any new exercise or activity routine, especially if you have diabetes. They can provide personalized recommendations and guidance based on your specific needs and health condition.",8,best apps daily activity exercise diabetes,-0.0022825158666819,0,question,9,0.0,237,15,ChatGPT,False,"question
(query)",False,False,False,True
chatgpt_8,"There are several apps available that can help with daily activity and exercise for people with diabetes. Here are some of the best ones:

1. MyFitnessPal: This app allows you to track your daily exercise, set goals, and monitor your calorie intake. It also provides nutritional information for a wide range of foods, making it easier to manage your diet.

2. MySugr: Designed specifically for people with diabetes, MySugr allows you to track your blood sugar levels, log your meals, and set reminders for medications and appointments. It also provides personalized insights and feedback to help you manage your condition effectively.

3. Glucose Buddy: This app helps you track your blood sugar levels, medication doses, and exercise routines. It also provides a comprehensive overview of your progress and allows you to share your data with your healthcare provider.

4. Fitbit: Fitbit is a popular fitness tracking app that can be used by people with diabetes to monitor their daily activity, sleep patterns, and heart rate. It also provides personalized exercise recommendations and allows you to set goals and track your progress.

5. Fooducate: This app helps you make healthier food choices by providing detailed nutritional information about various food products. It also offers personalized recommendations based on your dietary needs and preferences.

It's important to note that while these apps can be helpful tools, it is always best to consult with a healthcare professional for personalized advice and guidance in managing diabetes.",8,best apps daily activity exercise diabetes,-0.0023459077347069,0,question,10,0.0,242,12,ChatGPT,False,"question
(query)",False,False,False,True
chatgpt_8,"Some of the best apps for daily activity and exercise for diabetes management include:

1. MyFitnessPal: This app allows you to track your daily food intake, exercise, and set goals for weight management. It also provides a database of over 11 million foods, making it easy to track your carbohydrate intake for diabetes management.

2. Fitbit: Fitbit offers a range of wearable devices that track your daily activity, including steps taken, calories burned, and distance traveled. The app also allows you to set goals and track your progress over time.

3. MySugr: Specifically designed for people with diabetes, MySugr helps you track your blood sugar levels, insulin doses, and daily activities. It also provides personalized insights and reminders to help you manage your diabetes effectively.

4. Nike Training Club: This app offers a wide range of workouts and exercise plans, including cardio, strength training, and yoga. It allows you to customize your workouts based on your fitness level and goals.

5. Daily Yoga: Yoga can be a beneficial exercise for managing diabetes, and this app provides a variety of yoga sessions for all levels. It includes guided videos, tutorials, and a community for support and motivation.

Remember, it's always a good idea to consult with your healthcare provider before starting any new exercise routine or using apps for diabetes management. They can provide personalized recommendations based on your specific needs and goals.",8,best apps daily activity exercise diabetes,-0.0019212374463677,0,q,1,0.0,232,17,ChatGPT,False,"q
(query)",False,False,False,True
chatgpt_8,"There are several apps available that can help individuals with diabetes track and monitor their daily activity and exercise. Here are some of the best apps for this purpose:

1. MyFitnessPal: This app allows you to track your daily activity, exercise, and food intake. It also offers a barcode scanner and a large database of nutrition information.

2. MySugr: Designed specifically for individuals with diabetes, MySugr helps you track your blood sugar levels, medications, meals, and physical activity. It also offers reminders and insights to help manage your diabetes effectively.

3. Fitbit: If you own a Fitbit activity tracker, the Fitbit app can help you monitor your daily activity levels, exercise, and sleep patterns. It also allows you to set goals and track your progress over time.

4. Daily Burn: This app offers a wide variety of workout videos and exercise programs that you can do at home. It includes options for different fitness levels and goals, making it suitable for individuals with diabetes.

5. Nike Training Club: This app provides a range of workout plans and exercises for different fitness levels and goals. It also offers instructional videos and tracking features to help you stay motivated and on track.

Remember to consult with your healthcare provider before starting any new exercise program or making changes to your diabetes management routine.",8,best apps daily activity exercise diabetes,-0.0023652929812669,0,q,2,0.0,221,15,ChatGPT,False,"q
(query)",False,False,False,True
chatgpt_8,"There are several great apps available for daily activity and exercise for managing diabetes. Here are a few popular ones:

1. MyFitnessPal: This app allows you to track your daily exercise, set goals, and monitor your calorie intake. It also has a large database of foods, including nutritional information, making it easy to manage your diabetes diet.

2. MySugr: This app helps you track your blood sugar levels, medications, and meals. It also provides personalized insights and reminders to help you manage your diabetes effectively.

3. Fitbit: Fitbit offers a range of activity trackers that can help monitor your daily steps, heart rate, and sleep patterns. These trackers sync with the Fitbit app, allowing you to set activity goals and track your progress over time.

4. Nike Training Club: This app offers a wide range of workout routines designed for all fitness levels. It provides instructional videos and allows you to track your progress, making it a great option for staying active and managing diabetes.

5. Diabetes:M: This comprehensive app allows you to track your blood glucose levels, insulin doses, meals, and physical activity. It also provides detailed reports and analysis to help you understand and manage your diabetes effectively.

Remember, it's always a good idea to consult with your healthcare provider before starting any new exercise or activity routine, especially if you have diabetes. They can provide personalized recommendations and guidance based on your specific needs and medical history.",8,best apps daily activity exercise diabetes,-0.002405846491456,0,q,3,0.0,240,13,ChatGPT,False,"q
(query)",False,False,False,True
chatgpt_8,"There are several apps that can help people with diabetes track their daily activity and exercise. Here are some popular options:

1) MyFitnessPal: This app allows you to track your exercise, set goals, and monitor your food intake. It also syncs with other fitness apps and devices.

2) Fitbit: Fitbit offers a range of devices and an accompanying app that can track your steps, distance, calories burned, and more. It also provides personalized insights and reminders to stay active.

3) MySugr: This app is specifically designed for people with diabetes and helps you track your blood sugar levels, medication, meals, and physical activity. It also offers insights and provides reminders for better diabetes management.

4) 7 Minute Workout: This app offers quick, high-intensity workouts that can be done in just 7 minutes. It is a great option for those looking for a convenient and efficient way to stay active.

5) Nike Training Club: This app provides a wide variety of workout routines and training plans for all fitness levels. It offers personalized recommendations based on your goals and also tracks your progress.

Remember to consult with your healthcare provider before starting any new exercise routine, especially if you have diabetes. They can provide additional guidance and recommendations based on your individual needs.",8,best apps daily activity exercise diabetes,-0.0035516060888767,1,q,4,0.0042372881355932,212,8,ChatGPT,False,"q
(query)",False,False,False,True
chatgpt_8,"There are several apps that can help with daily activity and exercise for people with diabetes. Some of the best ones include:

1. MyFitnessPal: This app allows you to track your daily exercise and activity, as well as your food intake. It can help you set goals and monitor your progress.

2. Fitbit: If you have a Fitbit device, the accompanying app can track your daily steps, heart rate, and sleep patterns. It can also provide personalized exercise recommendations and reminders to stay active.

3. Diabetes:M: This app specifically caters to people with diabetes and allows you to track your blood sugar levels, medication intake, and physical activity. It also provides insights and trends to help manage your condition.

4. Nike Training Club: This app offers a wide range of workout programs and exercises that can be tailored to your fitness level and goals. It provides step-by-step instructions and videos for each exercise.

5. Seven: This app focuses on short, seven-minute workouts that can be done anywhere and anytime. It offers a variety of exercises and intensity levels to suit your needs.

Remember to consult with your healthcare provider before starting any new exercise regimen, especially if you have diabetes. They can provide guidance on the best exercises for you and help you determine which app is most suitable.",8,best apps daily activity exercise diabetes,-0.0018768567824736,0,q,5,0.0,219,12,ChatGPT,False,"q
(query)",False,False,False,True
chatgpt_8,"There are several apps available that can help individuals with diabetes track their daily activity and exercise. Some of the best apps for this purpose include:

1. MyFitnessPal: This app allows users to track their daily exercise and input their food intake to help manage their diabetes. It also offers a community aspect where users can connect with others for support and motivation.

2. MySugr: This app is specifically designed for individuals with diabetes and helps track blood sugar levels, carb intake, and physical activity. It also provides reminders for medication and offers insights and tips for better diabetes management.

3. Fitbit: Fitbit is a popular fitness tracker that can be used to monitor daily activity, heart rate, and sleep patterns. It can sync with other health apps and provide valuable data for individuals with diabetes.

4. Diabetes:M: This app allows users to track blood sugar levels, insulin intake, and physical activity. It also offers features like a food database, reminders for medication, and the ability to share data with healthcare providers.

5. Glucose Buddy: Glucose Buddy is a comprehensive diabetes management app that helps users track blood sugar levels, medication, exercise, and nutrition. It also offers a built-in food database and the ability to export data for healthcare professionals.

It's important to note that while these apps can be helpful tools, it's always a good idea to consult with a healthcare professional for personalized advice and guidance on managing diabetes.",8,best apps daily activity exercise diabetes,-0.003014427376911,0,q,6,0.0,241,14,ChatGPT,False,"q
(query)",False,False,False,True
chatgpt_8,"There are several apps available for daily activity and exercise for people with diabetes. Here are some of the best ones:

1. MyFitnessPal: This app allows you to track your daily exercise, food intake, and blood sugar levels. It also provides personalized workout plans and nutrition guidelines.

2. MySugr: Specifically designed for people with diabetes, this app helps you track your blood sugar levels, medication, and physical activity. It also provides feedback and reminders to help you manage your condition effectively.

3. Fitbit: Fitbit offers a range of devices and an accompanying app that tracks your daily activity, including steps taken, calories burned, and heart rate. It can also sync with other diabetes tracking apps to provide a comprehensive view of your health.

4. Glucose Buddy: This app allows you to log your blood glucose readings, track your medication intake, and record your exercise routines. It also provides reminders for medication and blood sugar testing.

5. DailyBurn: With a variety of workout programs and exercise routines, DailyBurn helps you stay active and fit. It offers a wide range of workouts, including yoga, cardio, strength training, and more, all of which can be tailored to your fitness level and goals.

Remember to consult with your healthcare provider before starting any new exercise routine or using any app for managing diabetes. They will be able to provide personalized recommendations based on your specific needs and medical history.",8,best apps daily activity exercise diabetes,-0.002197353169322,0,q,7,0.0,235,12,ChatGPT,False,"q
(query)",False,False,False,True
chatgpt_8,"Here are some of the best apps for daily activity and exercise for individuals with diabetes:

1. MyFitnessPal: This app allows you to track your daily activity, log your exercise routines, and monitor your calorie intake. It also provides personalized goals and recommendations based on your diabetes condition.

2. MySugr: This app helps you track and manage your blood sugar levels, food intake, and exercise. It provides insights and reminders to help you maintain a healthy lifestyle.

3. Fitbit: Fitbit is a popular fitness app that tracks your daily steps, heart rate, and exercise. It also integrates with glucose monitoring devices to keep track of your blood sugar levels.

4. Glucose Buddy: This app lets you log your blood sugar levels, insulin dosages, and exercise routines. It provides graphs and reports to help you analyze trends and make informed decisions.

5. Daily Burn: Daily Burn offers a wide range of workout videos and exercise routines that are suitable for people with diabetes. It provides personalized workout plans and tracks your progress over time.

Remember to consult with your healthcare provider before starting any exercise or activity routine, and always monitor your blood sugar levels closely.",8,best apps daily activity exercise diabetes,-0.0019263536669313,0,q,8,0.0,195,15,ChatGPT,False,"q
(query)",False,False,False,True
chatgpt_8,"There are several great apps available for daily activity and exercise for people with diabetes. Here are some popular options:

1. MyFitnessPal: This app allows you to track your daily exercise, log meals, and monitor your overall health. It also offers a feature specifically for people with diabetes, where you can track your blood glucose levels and insulin intake.

2. MySugr: Designed specifically for people with diabetes, this app helps you track your blood sugar levels, monitor your carb intake, and log your daily activities. It also provides reminders for medication and appointments.

3. Fitbit: Fitbit is a popular fitness tracking app that can be used by anyone, including people with diabetes. It tracks your daily steps, exercise, sleep patterns, and heart rate. It can be a helpful tool for monitoring your overall health and activity levels.

4. Daily Yoga: Exercise is important for people with diabetes, and yoga can be a great option. Daily Yoga offers a variety of guided yoga sessions for all levels, focusing on different areas of the body and health goals.

5. Nike Training Club: This app provides a wide range of workout plans and exercises for all fitness levels. It includes strength training, cardio, and flexibility workouts that can be tailored to your specific needs and preferences.

Remember, it's always a good idea to consult with your healthcare provider before starting any new exercise or activity program, especially if you have diabetes. They can provide personalized recommendations and guidance based on your individual needs and goals.",8,best apps daily activity exercise diabetes,-0.0021370449103415,0,q,9,0.0,252,13,ChatGPT,False,"q
(query)",False,False,False,True
chatgpt_8,"There are several great apps available for daily exercise and managing diabetes. Here are some highly recommended options:

1. MyFitnessPal: This app allows you to track your daily exercise, food intake, and blood sugar levels. It offers a wide range of features, including a large food database, barcode scanner, and activity tracker.

2. MySugr: Designed specifically for people with diabetes, this app helps you monitor your blood sugar levels, track your daily activities, and manage your medications. It also offers personalized insights and reminders.

3. Fitbit: Fitbit offers various fitness trackers and smartwatches that can help you monitor your daily activity, heart rate, and sleep patterns. The accompanying app allows you to set goals, track progress, and receive helpful insights.

4. Nike Training Club: This app provides a wide range of workout plans and guided exercise routines for all fitness levels. It offers workouts specifically designed for people with diabetes and allows you to track your progress.

5. Glucose Buddy: This app lets you track your blood sugar levels, carbohydrate intake, and medication doses. It also offers features like reminders, data syncing, and a food database.

Remember to consult with your healthcare provider before starting any new exercise routine or using any diabetes management app. They can provide personalized recommendations and guidance.",8,best apps daily activity exercise diabetes,-0.0026257107965648,0,q,10,0.0,212,11,ChatGPT,False,"q
(query)",False,False,False,True
chatgpt_8,"1. MyFitnessPal: This app allows you to track your daily exercise and food intake, helping you maintain a healthy lifestyle. It also provides a community aspect where you can connect with others who have diabetes and share tips and advice.

2. Fitbit: If you have a Fitbit tracker, the accompanying app can help you monitor your daily activity levels, sleep patterns, and heart rate. It also allows you to set personalized goals and track your progress.

3. Diabetes:M: This app is specifically designed for people with diabetes, helping you track your blood sugar levels, medications, and insulin doses. It also provides educational resources and reminders for important tasks, such as checking your blood sugar.

4. Nike Training Club: If you're looking for workout routines and guided exercises, this app offers a wide range of options for all fitness levels. You can choose from various workouts targeting different areas of the body and customize them to fit your needs.

5. Zombies, Run!: For those who enjoy a more interactive and fun approach to exercise, this app combines storytelling and running. It turns your workout into a thrilling adventure where you have to outrun zombies and complete missions.

6. Carbs & Cals: This app is useful for managing your diet and monitoring your carbohydrate intake. It provides a database of thousands of food items, along with their nutritional information, helping you make informed choices about your meals.

7. Runtastic: Whether you're a runner, cyclist, or walker, this app helps you track your distance, speed, and calories burned during your workouts. It also provides audio feedback and personalized training plans.

8. Headspace: Although not specifically designed for diabetes, this meditation and mindfulness app can be beneficial for managing stress and improving overall well-being. Stress management is crucial for people with diabetes, as it can affect blood sugar levels.

Remember to consult with your healthcare provider before starting any new exercise routines or making changes to your diabetes management plan.",8,best apps daily activity exercise diabetes,-0.005739162210375,1,no_prompt,1,0.0042372881355932,326,7,ChatGPT,False,"no_prompt
(query)",False,False,False,True
chatgpt_8,"There are several apps available that can help with daily activity and exercise for individuals with diabetes. Here are some of the best ones:

1. MyFitnessPal: This app helps track both exercise and nutrition, making it useful for individuals with diabetes who need to monitor their overall health. It allows you to log your food intake, track your blood glucose levels, and set exercise goals.

2. MySugr: This app is specifically designed for individuals with diabetes and helps track blood glucose levels, carb intake, and physical activity. It also provides personalized insights and reminders to help manage diabetes effectively.

3. Fitbit: Fitbit offers a range of wearable devices and an accompanying app that tracks your activity levels, heart rate, and sleep patterns. This can be helpful for individuals with diabetes to monitor their physical activity and overall health.

4. Nike Training Club: This app provides a variety of workout routines and personalized training plans suitable for all fitness levels. It includes instructional videos and allows you to track your progress, making it a great tool for staying active with diabetes.

5. Zombies, Run!: This app gamifies running by immersing you in a post-apocalyptic world where you need to outrun zombies. It provides a fun and engaging way to motivate yourself to exercise regularly, which is essential for managing diabetes.

Remember to consult with your healthcare provider before starting any new exercise routine or using any apps to ensure they align with your specific needs and health goals.",8,best apps daily activity exercise diabetes,-0.0020584126468747,0,no_prompt,2,0.0,247,16,ChatGPT,False,"no_prompt
(query)",False,False,False,True
chatgpt_8,"There are several great apps available for daily exercise and diabetes management. Here are some of the best ones:

1. MyFitnessPal: This app helps you track your daily exercise, monitor your food intake, and set goals for weight loss or maintenance. It also has a barcode scanner for easy logging of food items.

2. Glucose Buddy: Specifically designed for diabetes management, Glucose Buddy allows you to track your blood glucose levels, medication intake, exercise, and meals. It also provides a comprehensive analysis of your data.

3. Fitbit: Fitbit is a popular fitness tracking app that helps you monitor your daily activity, including steps taken, distance covered, calories burned, and even sleep patterns. It can sync with various fitness devices for accurate data tracking.

4. Nike Training Club: This app offers a wide range of exercise routines and workouts, including cardio, strength training, yoga, and more. It provides clear instructions and videos to guide you through each exercise.

5. Google Fit: Google Fit is a versatile app that tracks your daily activity, heart rate, and calories burned. It can sync with various fitness devices and provides personalized recommendations for exercise and activity goals.

Remember to consult with your healthcare professional before starting any new exercise routine or using these apps for diabetes management.",8,best apps daily activity exercise diabetes,-0.0019190958701074,0,no_prompt,3,0.0,212,15,ChatGPT,False,"no_prompt
(query)",False,False,False,True
chatgpt_8,"1. MyFitnessPal: This app helps you track your daily calorie intake, set fitness goals, and monitor your exercise routines. It can be particularly helpful for people with diabetes to manage their weight and maintain a healthy lifestyle.

2. Fitbit: Fitbit is a popular fitness tracker app that monitors your physical activity, heart rate, and sleep patterns. It can provide valuable insights into your daily exercise routine and help you stay active throughout the day.

3. Nike Training Club: This app offers a variety of workout routines and training plans designed by professional trainers. It includes exercises suitable for different fitness levels and allows you to track your progress over time.

4. MySugr: MySugr is a diabetes management app that helps you track your blood sugar levels, insulin intake, and lifestyle factors. It provides personalized insights and reminders to help you stay on top of your diabetes management.

5. 7 Minute Workout: This app provides quick, high-intensity workouts that can be done in just 7 minutes. It's a great option for busy individuals who want to incorporate regular exercise into their daily routine.

6. Strava: Strava is a popular app for tracking outdoor activities like running, cycling, and hiking. It allows you to set goals, track your progress, and connect with a community of like-minded individuals.

7. Yoga Studio: Yoga can be a beneficial exercise for people with diabetes as it helps improve flexibility, balance, and overall well-being. Yoga Studio offers a variety of guided yoga classes for different levels and goals.

8. Daily Yoga: Similar to Yoga Studio, Daily Yoga provides a wide range of yoga classes and meditation sessions suitable for all levels. It can help you establish a daily yoga routine and reap the benefits of this ancient practice.

9. WaterMinder: Staying hydrated is crucial for people with diabetes, as it helps regulate blood sugar levels and overall health. WaterMinder is an app that reminds you to drink water throughout the day and tracks your daily water intake.

10. Runtastic: Runtastic is a popular running app that tracks your distance, pace, and calories burned during your runs. It also offers personalized training plans and audio coaching to help you improve your running performance.",8,best apps daily activity exercise diabetes,-0.0044324961490929,1,no_prompt,4,0.0042372881355932,365,15,ChatGPT,False,"no_prompt
(query)",False,False,False,True
chatgpt_8,"1. MyFitnessPal - This app allows you to track your daily food intake and exercise. It has a database of over 11 million foods, making it easy to log your meals and monitor your calorie intake. It also provides exercise tracking, making it ideal for managing diabetes through physical activity.

2. Diabetes:M - This app is specifically designed for individuals with diabetes. It allows you to track your blood glucose levels, insulin intake, and other essential health metrics. It also provides educational resources, personalized advice, and reminders to help you manage your condition effectively.

3. Fitbit - Fitbit is a popular fitness app that tracks your daily physical activity, heart rate, sleep patterns, and more. It syncs with Fitbit devices, such as smartwatches and fitness trackers, to provide you with comprehensive insights into your exercise routine. Regular exercise is crucial for managing diabetes, and Fitbit can help you stay motivated and monitor your progress.

4. Seven - Seven is a workout app that offers quick and effective seven-minute workouts. These workouts require no equipment and can be done at home or anywhere else. Regular exercise is essential for managing diabetes, and this app provides a convenient and time-efficient way to incorporate exercise into your daily routine.

5. Daily Yoga - Yoga is a great form of exercise for individuals with diabetes. It helps improve flexibility, balance, and overall well-being. Daily Yoga is an app that offers a wide range of yoga classes and guided meditation sessions suitable for all levels. It provides step-by-step instructions and customizable programs to help you establish a regular yoga practice.

Remember to consult with your healthcare provider before starting any new exercise routine or using apps to manage your diabetes. They can provide personalized recommendations and guidance based on your specific needs and medical history.",8,best apps daily activity exercise diabetes,-0.0042772479355335,1,no_prompt,5,0.0042372881355932,300,14,ChatGPT,False,"no_prompt
(query)",False,False,False,True
chatgpt_8,"Here are some popular apps for daily activity and exercise for people with diabetes:

1. MyFitnessPal: This app allows you to track your daily food intake and exercise, helping you maintain a healthy diet and weight.

2. Glucose Buddy: Glucose Buddy is a comprehensive diabetes management app that tracks blood sugar levels, medication, food intake, and exercise. It also provides helpful reminders and graphs to help you monitor your progress.

3. Fitbit: Fitbit is a wearable device that tracks your daily steps, heart rate, and sleep patterns. It can sync with your smartphone to provide detailed reports and insights on your activity levels.

4. Nike Training Club: This app offers a wide range of workout routines and exercises suitable for all fitness levels. It includes instructional videos, tracking features, and personalized workout plans.

5. MySugr: MySugr helps you track and manage your blood sugar levels, carbs intake, medication, and physical activity. It also offers a community feature where you can connect with other people living with diabetes for support and advice.

6. Daily Yoga: Daily Yoga provides a variety of yoga classes and meditation sessions suitable for all levels. Regular yoga practice can help improve flexibility, reduce stress, and support overall well-being for people with diabetes.

It's important to consult with your healthcare provider before using any app to ensure it aligns with your specific needs and goals.",8,best apps daily activity exercise diabetes,-0.0021479886490851,0,no_prompt,6,0.0,228,11,ChatGPT,False,"no_prompt
(query)",False,False,False,True
chatgpt_8,"1. MyFitnessPal: This app allows you to track your daily food intake and exercise, making it easy to manage your diabetes and stay active.

2. Fitbit: Fitbit tracks your daily steps, heart rate, and sleep patterns, helping you stay motivated and active throughout the day.

3. 7 Minute Workout: This app offers quick and effective workouts that can be done in just 7 minutes, making it perfect for busy individuals with diabetes.

4. Nike Training Club: Nike Training Club provides a variety of workout plans and video tutorials for all fitness levels, helping you stay active and reach your exercise goals.

5. Daily Yoga: Yoga can be a great form of exercise for individuals with diabetes, and this app offers a wide range of yoga classes and guided meditations.

6. CARROT Fit: This app provides a fun and gamified approach to fitness, with a sarcastic AI trainer who motivates you to exercise and reach your goals.

7. Zombies, Run!: This app turns your daily run into an exciting story-based game where you have to outrun zombies, making exercise more engaging and enjoyable.

8. Strava: Strava is a popular app among runners and cyclists, allowing you to track and analyze your workouts, connect with friends, and join challenges to stay motivated.

9. Glucose Buddy: This app helps you track your blood sugar levels and medication intake, providing insights into how your daily activity and exercise affect your diabetes management.

10. Daily Burn: Daily Burn offers a variety of workout programs and live classes, making it easy to find a routine that fits your fitness level and goals.",8,best apps daily activity exercise diabetes,-0.0037513852585107,1,no_prompt,7,0.0042372881355932,266,15,ChatGPT,False,"no_prompt
(query)",False,False,False,True
chatgpt_8,"1. MyFitnessPal: This app allows you to track your daily food intake, exercise, and weight. It also has a database of over 11 million foods, making it easy to track your carbohydrate intake as a person with diabetes.

2. MySugr: This app helps individuals with diabetes track their blood sugar levels, medication, and daily activities. It also provides personalized insights and reminders to help you manage your condition effectively.

3. Fitbod: This app creates personalized workout plans based on your fitness goals, equipment availability, and exercise preferences. It is great for individuals with diabetes looking to incorporate exercise into their daily routine.

4. Glucose Buddy: This app allows you to track your blood sugar levels, medication, exercise, and food intake. It also provides charts and graphs to help you understand how your lifestyle choices affect your diabetes management.

5. 7 Minute Workout: This app provides quick and effective workouts that can be done in just seven minutes. It is a great option for busy individuals with diabetes looking to fit in some exercise during their day.

6. Nike Training Club: This app offers a wide variety of guided workouts, ranging from cardio to strength training. It is suitable for all fitness levels and provides customized recommendations based on your goals and abilities.

7. Fooducate: This app helps you make healthier food choices by providing nutritional information and rating products based on their overall healthiness. It can be useful for individuals with diabetes who want to make informed decisions about their diet.

8. Couch to 5K: This app is designed to help beginners gradually build up their running endurance. It provides a structured program to help individuals with diabetes start and maintain a regular running routine.

9. Headspace: This app offers guided meditation and mindfulness exercises to help reduce stress and improve overall well-being. Managing stress is important for individuals with diabetes, as it can affect blood sugar levels.

10. WaterMinder: Staying hydrated is crucial for individuals with diabetes, as it helps maintain stable blood sugar levels. This app allows you to track your daily water intake and sends reminders to ensure you stay hydrated throughout the day.",8,best apps daily activity exercise diabetes,-0.0068793352693319,1,no_prompt,8,0.0042372881355932,357,13,ChatGPT,False,"no_prompt
(query)",False,False,False,True
chatgpt_8,"Here are some of the best apps for daily activity exercise for individuals with diabetes:

1. MyFitnessPal: This app helps you track your daily food intake, exercise, and blood sugar levels. It also provides personalized recommendations for exercise and meal planning.

2. Fitbit: Fitbit is a popular fitness app that tracks your daily steps, heart rate, and sleep patterns. It can help you set activity goals and monitor your progress over time.

3. MySugr: Designed specifically for individuals with diabetes, MySugr helps you log and track your blood glucose levels, meals, and exercise. It also offers educational resources and personalized insights.

4. Nike Training Club: This app offers a wide variety of workout routines and training plans. It includes options for different fitness levels and durations, making it suitable for people with varying levels of fitness.

5. Zombies, Run!: If you enjoy running or walking, this app adds a fun twist to your routine. It turns your exercise into a game where you need to outrun zombies and complete missions. It provides motivation and entertainment during your workouts.

6. Seven - 7 Minute Workout: This app offers quick, high-intensity workouts that can be done in just seven minutes. It provides guided videos and tracks your progress over time.

Remember to consult with your healthcare provider before starting any new exercise routine or using an app for diabetes management. They can provide personalized advice and recommendations based on your specific needs and medical history.",8,best apps daily activity exercise diabetes,-0.0019911956042051,0,no_prompt,9,0.0,243,12,ChatGPT,False,"no_prompt
(query)",False,False,False,True
chatgpt_8,"Here are some of the best apps for daily activity and exercise for people with diabetes:

1. MyFitnessPal - This app allows you to track your daily activity, log your exercise routines, and monitor your food intake. It also provides a database of over 6 million foods, making it easier to track your carbohydrate intake for better blood sugar control.

2. Fitbit - Fitbit is a popular fitness tracking app that can help you monitor your daily steps, heart rate, and sleep patterns. It also integrates with other diabetes management apps to provide a comprehensive view of your health.

3. Glucose Buddy - Glucose Buddy is a diabetes management app that allows you to track your blood glucose levels, medication, meals, and exercise. It also provides insights and trends to help you better manage your diabetes.

4. Nike Training Club - Nike Training Club offers a variety of workout routines and exercises for all fitness levels. You can choose from strength training, cardio, yoga, and more, and customize your workouts based on your preferences and fitness goals.

5. MySugr - MySugr is a comprehensive diabetes management app that tracks your blood sugar levels, medication, meals, and exercise. It also provides a daily diabetes diary, reminders for medication and glucose checks, and personalized insights to help you manage your condition effectively.

Remember to consult with your healthcare provider before starting any new exercise routine or using these apps to ensure they are suitable for your specific needs.",8,best apps daily activity exercise diabetes,-0.0019744203891605,0,no_prompt,10,0.0,246,16,ChatGPT,False,"no_prompt
(query)",False,False,False,True
